import static org . junit . Assert . assertArrayEquals ; import static org . ID . Assert . assertEquals ; import static org . ID . ID . ID ; import static ID . ID . ID . ID ; import static org . junit . Assert . ID ; import static org . junit . ID . ID ; import static ID . junit . Assert . fail ; import static org . junit . Assume . ID ; import static org . junit . ID . assumeTrue ; --> import static org . junit . jupiter . api . Assertions . ID ; import static org . ID . jupiter . api . ID . ID ; import static ID . ID . jupiter . ID . Assertions . assertFalse ; import static ID . junit . ID . api . ID . assertNull ; import static org . junit . ID . api . Assertions . ID ; import static ID . junit . jupiter . api . Assertions . ID ; import static org . junit . jupiter . api . Assertions . assertTrue ; import static org . junit . jupiter . api . Assertions . fail ; import static ID . junit . jupiter . api . ID . assumeFalse ; import static ID . ID . jupiter . ID . Assumptions . assumeTrue ;$14
final boolean containsKey(@Nullable Object key) { --> final boolean containsKey(@CheckForNull Object key) {$4205
_ --> import static org.hamcrest.MatcherAssert.ID;$142
private static boolean ID ( Iterable<?> ID , Iterable<?> iterable2 ) { ID<?> ID = ID . iterator ( ) ; ID<?> ID = iterable2 . ID ( ) ; while ( iterator1 . ID ( ) ) { if ( ! ID . ID ( ) ) { return LT ; } if ( <...> ) { return false ; } } return EXPR ; } --> _$5958
return EXPR ; --> <...>$9375
@GwtIncompatible("TODO") --> @GwtIncompatible // TODO$232
_ --> ID ID = LT , ID = "" , ID = LT ;$1
EXPR.ID(ID, AuthUtils.SERVICE , "localhost" , null , serer_callback_handler ) ; --> ID.ID(ID, AuthUtils . SERVICE , EXPR , null , server_callback_handler );$1
lexer.nextToken(); --> lexer.nextToken(JSONToken.COMMA);$2
import java . util . ID ; --> _$5916
private File ID ; --> private final ID ID ;$26104
EXPR . ID ( ID ) ; --> <...> ;$6602
<...> --> EXPR OP ID ( ID ) ;$339
return new MySqlStatementParser(sql); --> return new MySqlStatementParser(sql, keepComments);$2
_ --> import java . ID . ID ;$14939
if (<...>) ID.ID (<...>) ; --> if ( ID.DEBUG ) ID.ID( EXPR, LT binOP title ) ;$4
_ --> import com.alibaba.druid.sql.dialect.oracle.ast.stmt.OracleLabelStatement;$5
public MockXADataSourceWrapper wrapper() { --> MockXADataSourceWrapper wrapper() {$2
package ID . ID . ID . context . ID ; --> package ID . ID . ID . ID . ID . embedded ;$33
ID ( EXPR binOP ( <...> ) + LT binOP ID , ID , EXPR[ ID ] ) ; --> assertThat ( EXPR ) . isEqualTo ( EXPR ) . as ( EXPR binOP ID binOP LT + EXPR ) ;$1
public class ID { --> class ID {$1749
rayTestCB . setM_collisionObject ( EXPR ) ; ID . setM_closestHitFraction ( EXPR ) ; ID . ID ( ) . setValue ( rayFrom . x , rayFrom . ID , ID . ID ) ; rayTestCB . getM_rayToWorld ( ) . ID ( rayTo . x , rayTo . y , rayTo . z ) ; --> rayTestCB . setCollisionObject ( EXPR ) ; ID . setClosestHitFraction ( EXPR ) ; ID . getRayFromWorld ( ) . setValue ( rayFrom . ID , rayFrom . y , rayFrom . ID ) ; ID . ID ( ) . ID ( rayTo . x , rayTo . ID , ID . z ) ;$1
ChannelFuture ID = ID . connect ( new InetSocketAddress ( host , ID ) ) ; --> ChannelFuture f = ID . connect ( ) . sync ( ) ;$2
protected boolean archive = true; --> private boolean archive = true;$366
ID . ID ( new ID ( EXPR , ID . array ( ) ) ) ; --> EXPR . add ( new ID ( ID , payload . ID ( ) ) ) ;$1
ID descriptor ; if ( EXPR ) { ID OP new ID ( resolve ( path ) , TextureAtlas . class , new ID . ID ( ) ) ; } else { TextureLoader . TextureParameter ID = new TextureLoader . TextureParameter ( ) ; --> ID resolved = ID ( path ) ;$1
private String ID = null ; --> private UUID uuid = LT ;$26104
<...> --> public ID getInvokerPackage ( ) { return ID ; }$3227
Integer flag = ID.ID( ID[LT]) ; ID ID = <...>; ID ID = ID . ID ( ID[LT] ) ; --> <...>$2
EXPR ; --> _$3298
ID.ID(EXPR); EXPR; EXPR; --> EXPR$12
_ --> ID . ID . ID ( LT , EXPR , EXPR , LT ) ;$17
_ --> public ID ID ( ID key , ID < ID , ID > ID ) { <...> . ID ( EXPR , ID ) ; return this ; }$14566
import ID . google . caliper . Benchmark ; --> _$38
_ --> String lastSaveFilename = "", lastSaveBMFilename = "", lastOpenFilename = "";$1
import ID . nd4j . ID . ID ; --> _$109
return getAnimation ( EXPR , LT ) ; --> return getAnimation ( id , false ) ;$1
return EXPR ; --> return ID ( EXPR ) ;$1085
if ( EXPR ) return LT ; --> if ( ID binOP ID . ID ) return LT ;$6
Entry<K, V>[] entryArray, --> @Nullable Entry<K, V>[] entryArray,$2
Assert.assertTrue(promise.syncUninterruptibly().getNow() instanceof PortUnreachableException); --> assertTrue(promise.syncUninterruptibly().getNow() instanceof PortUnreachableException);$1
throw new ID ( EXPR binOP graphType ) ; --> <...>$6
ID . ID ( LT , EXPR ) ; --> ID ( EXPR , ID ) ;$83
public void urlsCanBeRetrieved ( ) { --> void ID ( ) {$9390
_ --> import org.springframework.boot.actuate.autoconfigure.metrics.export.datadog.DatadogMetricsExportAutoConfiguration;$1
message.headers().set(HttpHeaderNames.CONTENT_TYPE, "TEXT/HTML; CHARSET=UTF-8"); --> message.headers().set(HttpHeaderNames.CONTENT_TYPE, UPPER_CASE_NORMAL_CONTENT_TYPE);$1
final ID<ILoggingEvent> ID = new DefaultTimeBasedFileNamingAndTriggeringPolicy<>( ) ; --> final TimeBasedFileNamingAndTriggeringPolicy<ILoggingEvent> triggeringPolicy ; if ( maxFileSize binOP null ) { ID = new DefaultTimeBasedFileNamingAndTriggeringPolicy < > ( ) ; } else { SizeAndTimeBasedFNATP < ILoggingEvent > maxFileSizeTriggeringPolicy = new ID<> ( ) ; maxFileSizeTriggeringPolicy.setMaxFileSize ( EXPR ) ; EXPR = ID ; }$0
if ( <...> ) { --> if ( <...> binOP ID ) {$1044
_ --> @Configuration$500
@ Override public boolean remove ( Object o ) { --> @ ID public boolean remove ( ID o ) {$11982
for (Invoker minvoker : counter.keySet()) { Long count = counter.get(minvoker).get(); --> for (Map.Entry<Invoker, AtomicLong> entry : counter.entrySet()) { Long count = entry.getValue().get();$6
this . ID ( ) . ID ( ID . ID ( ) ) ; --> ID ( ID . ID ( ) ) ;$1
_ --> @ID$34892
setContentView(<...>); --> setContentView(R.layout.actionbar_menu);$1
reverseColumnsInPlace( sigb . slice ( LT ) ) ; --> if ( rnnDataFormat == EXPR.NCW ) { reverseColumnsInPlace ( EXPR ) ; } else { reverseColumnsInPlace ( EXPR.ID ( LT ).permute ( 1 ,0 ) ) ; }$1
@ID protected void ID ( ) { --> void ID ( ) {$16
ReportScheduler scheduler = new ReportScheduler(metricRegistry, consoleReporter); --> // ä½¿ç”¨slf4j reporter,å¹¶ä½¿ç”¨é»˜è®¤loggeråå­— Slf4jReporter slf4jReporter = new Slf4jReporter(); ReportScheduler scheduler = new ReportScheduler(metricRegistry, slf4jReporter);$1
ID . ID (<...>) ; --> typeMapping . put(<...>) ;$57
extension.ID ( <...> ) ; --> EXPR.getMainClass ( ) . ID ( "com.example.SpringBootExtensionMainClass" ) ;$1
ID ID = new TraceAfterEvent ( EXPR , new ID ( startMillis ) , EXPR ) ; --> ID event = <...> ;$40
import com . ID . zxing . ID ; import com . google . zxing . MonochromeBitmapSource ; import com . google . zxing . ID ; import com . google . ID . common . BitArray ; import com . google . zxing . ID . ID ; --> import com . google . zxing . common . BaseMonochromeBitmapSource ;$3
_ --> this.jedisSocketFactory = new DefaultJedisSocketFactory(hostAndPort, this.clientConfig);$1
if ( ID.ID() binOP <...> ) { --> if (<...> binOP ID.ID ) {$355
_ --> import com . alibaba . druid . ID . ID . ID . ID . ID . ID ;$900
import static ID . google . ID . ID . BstSide . LEFT ; import static ID . google . ID . ID . ID . RIGHT ; --> _$3
ID . ID ( ssl , ID ) ; --> _$3
_ --> public void dispose ( ) {  }$14566
return buffer.slice(index, length).retain(); --> return buffer.retainedSlice(index, length);$2
_ --> ID.setRelayLogs(true);$1
EXPR --> ID.ID.ID(LT, LT, LT, LT);$19
import ID . ID . ID . test . ID . ID ; --> import ID . ID . ID . ID . ID . ID ;$679
<...> --> ID.incrementAndGet();$48
String ID = ID . ID ( EXPR ) ; --> { ID ID = SQLUtils . ID ( stmt ) ;$2
EXPR --> cliOptions.ID(<...>);$52
} else if (JavaSerializer.getWriteReplace(cl) != null) serializer = new JavaSerializer(cl, _loader); --> } else if (isZoneId(cl))  serializer = ZoneIdSerializer.getInstance(); else if (JavaSerializer.getWriteReplace(cl) != null) serializer = new JavaSerializer(cl, _loader);$26296
import ID.apache.dubbo.common.Constants; --> _$321
@javax.annotation.Generated(value = "class io.swagger.codegen.languages.SpringMVCServerCodegen", date = "2016-04-17T17:50:52.711+08:00") --> @javax.annotation.Generated(value = "class io.swagger.codegen.languages.SpringMVCServerCodegen", date = "2016-04-28T10:36:54.900+02:00")$16
_ --> protected String toString ( ID ID ) { return EXPR . ID ( ) ; }$2076
import java.ID.ID ; --> _$9191
refid = builderAssistant.applyCurrentNamespace(refid); --> refid = builderAssistant.applyCurrentNamespace(refid, true);$1
